Team,Repository,Role
cw-python,onlinesales-ai/osFileStreamProcessorApp,write
cw-python,onlinesales-ai/osSvcClient4pyV2,write
cw-python,onlinesales-ai/revxScripts,write
cw-qa,onlinesales-ai/flexi-packages-ui-automation-qa,write
cw-qa,onlinesales-ai/marketing-api-qa,read
cw-qa,onlinesales-ai/marketingService,read
cw-qa,onlinesales-ai/osmos-ui-qa,read
dev,onlinesales-ai/adserver-deployment-monitoring,read
dev,onlinesales-ai/android-osmos-sdk-source,read
dev,onlinesales-ai/ArgoCD-Prod,read
dev,onlinesales-ai/ArgoCD-Stage,read
dev,onlinesales-ai/asyncJobsService,read
dev,onlinesales-ai/athenaJobsV5,read
dev,onlinesales-ai/brandAdServerV2,read
dev,onlinesales-ai/campaignUserActionConsumer,read
dev,onlinesales-ai/catalogSyncService,read
dev,onlinesales-ai/claude-utility,read
dev,onlinesales-ai/devOpsTools,write
dev,onlinesales-ai/flairminds,write
dev,onlinesales-ai/GCP-PAM-Entitlement,read
dev,onlinesales-ai/hackathon-media-planner-agent,read
dev,onlinesales-ai/hackathon-media-planner-socketCommunicatorService,read
dev,onlinesales-ai/ios-osmos-sdk-source,read
dev,onlinesales-ai/jobWrapper,write
dev,onlinesales-ai/lmsCrmSyncApp,admin
dev,onlinesales-ai/lmsNodeEventManagerConsumer,read
dev,onlinesales-ai/marketplaceBillingService,read
dev,onlinesales-ai/onboardingScripts,read
dev,onlinesales-ai/os-2c2p-client,write
dev,onlinesales-ai/os-adserver-util,write
dev,onlinesales-ai/os-async-jobs-shared,write
dev,onlinesales-ai/os-aws-client,write
dev,onlinesales-ai/os-aws-client-v2,write
dev,onlinesales-ai/os-bullmq-client,write
dev,onlinesales-ai/os-campaign-cloner-shared,write
dev,onlinesales-ai/os-campaign-update-shared,write
dev,onlinesales-ai/os-clevertap-client,write
dev,onlinesales-ai/os-common-middlewares,write
dev,onlinesales-ai/os-encryption-util,write
dev,onlinesales-ai/os-finance-payment-lib,write
dev,onlinesales-ai/os-gbm-client,write
dev,onlinesales-ai/os-gcp-client,write
dev,onlinesales-ai/os-glowroad-client,write
dev,onlinesales-ai/os-hotstar-client,write
dev,onlinesales-ai/os-ifttt-shared,write
dev,onlinesales-ai/os-kafka-client,write
dev,onlinesales-ai/os-konga-client,write
dev,onlinesales-ai/os-moloco-client,write
dev,onlinesales-ai/os-novu-client,write
dev,onlinesales-ai/os-osmos-oauth,write
dev,onlinesales-ai/os-payu-client,write
dev,onlinesales-ai/os-pyutils,read
dev,onlinesales-ai/os-razorpay-client,write
dev,onlinesales-ai/os-snapdealcod-client,write
dev,onlinesales-ai/os-svc-client,write
dev,onlinesales-ai/os-zoho-books-client,write
dev,onlinesales-ai/os-zoho-desk-client,write
dev,onlinesales-ai/osAdsAudienceRedisPusherApp,read
dev,onlinesales-ai/osFileStreamProcessorApp,read
dev,onlinesales-ai/osmos-claude-plugins,write
dev,onlinesales-ai/osmos-iframe-sdk,write
dev,onlinesales-ai/osmos-workflows,read
dev,onlinesales-ai/osSvcClient4pyV2,write
dev,onlinesales-ai/plaAdServer,read
dev,onlinesales-ai/pubsub-data-connector,read
dev,onlinesales-ai/revXAdServerNodeV2,read
dev,onlinesales-ai/tech-doc-template,write
dev-external-contractors,onlinesales-ai/brandAdServerV2,write
dev-external-contractors,onlinesales-ai/brandAdsUIService,write
dev-external-contractors,onlinesales-ai/catalogSyncService,read
dev-external-contractors,onlinesales-ai/creativeUploadService,write
dev-external-contractors,onlinesales-ai/localium-catalog-svc,write
dev-external-contractors,onlinesales-ai/marketingService,write
dev-external-contractors,onlinesales-ai/os-common-middlewares,write
dev-external-contractors,onlinesales-ai/os-gcp-client,read
dev-external-contractors,onlinesales-ai/os-moloco-client,read
dev-external-contractors,onlinesales-ai/os-pyutils,write
dev-external-contractors,onlinesales-ai/os-svc-client,write
dev-external-contractors,onlinesales-ai/osmos-api-qa,write
dev-external-contractors,onlinesales-ai/osmos-display-adserver-api-qa,write
dev-external-contractors,onlinesales-ai/osSvcClient4pyV2,write
dev-external-contractors,onlinesales-ai/publisher-svc,write
dev-external-contractors,onlinesales-ai/reportService,write
dev-external-contractors,onlinesales-ai/revXAdServerNodeV2,write
dev-external-contractors,onlinesales-ai/trackm,write
flairminds,onlinesales-ai/devOpsTools,write
flairminds,onlinesales-ai/engageService,read
flairminds,onlinesales-ai/flairminds,admin
flairminds,onlinesales-ai/gitops,write
flairminds,onlinesales-ai/kuberService,read
flairminds,onlinesales-ai/offerService,read
frigga-cloud,onlinesales-ai/addToWorkloadIdentity,admin
frigga-cloud,onlinesales-ai/adServer-frigga,maintain
frigga-cloud,onlinesales-ai/adserver-setup-terraform,admin
frigga-cloud,onlinesales-ai/ArgoCD-Adserver,admin
frigga-cloud,onlinesales-ai/argocd-management-cluster,admin
frigga-cloud,onlinesales-ai/ArgoCD-Prod,write
frigga-cloud,onlinesales-ai/ArgoCD-Stage,admin
frigga-cloud,onlinesales-ai/argocd-terraform,admin
frigga-cloud,onlinesales-ai/argocd-test-frigga,admin
frigga-cloud,onlinesales-ai/asyncJobsService,write
frigga-cloud,onlinesales-ai/athenaJobsV4BQ,write
frigga-cloud,onlinesales-ai/athenaJobsV5,write
frigga-cloud,onlinesales-ai/auditService,write
frigga-cloud,onlinesales-ai/authentication4node,write
frigga-cloud,onlinesales-ai/brandAdServerV2,write
frigga-cloud,onlinesales-ai/brandAdServerV2-frigga,admin
frigga-cloud,onlinesales-ai/brandAdsUIService,write
frigga-cloud,onlinesales-ai/budgetEngine,write
frigga-cloud,onlinesales-ai/butlerService,write
frigga-cloud,onlinesales-ai/cacheLib,admin
frigga-cloud,onlinesales-ai/cacheLib_frigga,admin
frigga-cloud,onlinesales-ai/catalogSyncService,write
frigga-cloud,onlinesales-ai/craftService,write
frigga-cloud,onlinesales-ai/dataflow-frigga,admin
frigga-cloud,onlinesales-ai/datasync-shared-config,admin
frigga-cloud,onlinesales-ai/dblib,admin
frigga-cloud,onlinesales-ai/demo-java-app,admin
frigga-cloud,onlinesales-ai/engageService,write
frigga-cloud,onlinesales-ai/financeService,write
frigga-cloud,onlinesales-ai/frigga-engageService,admin
frigga-cloud,onlinesales-ai/frigga-testing-daemon,write
frigga-cloud,onlinesales-ai/gcp-alerts-terraform,write
frigga-cloud,onlinesales-ai/gcp-infra,admin
frigga-cloud,onlinesales-ai/gradle-wrapper,admin
frigga-cloud,onlinesales-ai/hadesObjects,admin
frigga-cloud,onlinesales-ai/hadesV2,write
frigga-cloud,onlinesales-ai/hotstarSharedLib,write
frigga-cloud,onlinesales-ai/httpRequest,admin
frigga-cloud,onlinesales-ai/hyperlocalCampaignConfidenceScorePopulator,write
frigga-cloud,onlinesales-ai/hyperlocalForecastingModelTrainingFlow,write
frigga-cloud,onlinesales-ai/instoreAdServer,write
frigga-cloud,onlinesales-ai/instoreCMSSync,write
frigga-cloud,onlinesales-ai/instoreSchedulingConsumer,write
frigga-cloud,onlinesales-ai/instoreService,write
frigga-cloud,onlinesales-ai/java-daemon-app-template,write
frigga-cloud,onlinesales-ai/java-offline-app-template,write
frigga-cloud,onlinesales-ai/java-shared-lib-template,write
frigga-cloud,onlinesales-ai/java-tomcat-app-template,write
frigga-cloud,onlinesales-ai/jobWrapper,write
frigga-cloud,onlinesales-ai/kamService,write
frigga-cloud,onlinesales-ai/kuberService,write
frigga-cloud,onlinesales-ai/lmsCrmSyncApp,write
frigga-cloud,onlinesales-ai/lmsNodeEventManagerConsumer,write
frigga-cloud,onlinesales-ai/localium-catalog-svc,write
frigga-cloud,onlinesales-ai/logger,admin
frigga-cloud,onlinesales-ai/logger_frigga,admin
frigga-cloud,onlinesales-ai/marketingService,write
frigga-cloud,onlinesales-ai/molocoSharedLib,write
frigga-cloud,onlinesales-ai/multiVerseService,write
frigga-cloud,onlinesales-ai/navigatorService,write
frigga-cloud,onlinesales-ai/novuWorkflows,write
frigga-cloud,onlinesales-ai/offerService,write
frigga-cloud,onlinesales-ai/os-2c2p-client,admin
frigga-cloud,onlinesales-ai/os-adserver-util,write
frigga-cloud,onlinesales-ai/os-common-middlewares,admin
frigga-cloud,onlinesales-ai/os-infra-terraform,write
frigga-cloud,onlinesales-ai/os-pay-pal-ad-server-setup-terraform,admin
frigga-cloud,onlinesales-ai/os-pay-pal-vpc-setup-terraform,admin
frigga-cloud,onlinesales-ai/os-pyutils,write
frigga-cloud,onlinesales-ai/os-pyutils-frigga,admin
frigga-cloud,onlinesales-ai/os-terraform,admin
frigga-cloud,onlinesales-ai/os-terraform-vpc,admin
frigga-cloud,onlinesales-ai/osAdsAudienceRedisPusherApp,write
frigga-cloud,onlinesales-ai/osAdsTargetingProcessorApp,write
frigga-cloud,onlinesales-ai/osFacebookClient,write
frigga-cloud,onlinesales-ai/osFileStreamProcessorApp,write
frigga-cloud,onlinesales-ai/osGoogleAdsClient,write
frigga-cloud,onlinesales-ai/osmos-advertiser-suggestion-generator,write
frigga-cloud,onlinesales-ai/osmos-icu-tokenizer,write
frigga-cloud,onlinesales-ai/osmos-inference-svc,write
frigga-cloud,onlinesales-ai/osmos-keyword-curator-app,write
frigga-cloud,onlinesales-ai/osPackageLauncher,write
frigga-cloud,onlinesales-ai/osPackageSvc,write
frigga-cloud,onlinesales-ai/osSchedulesArgoSyncer,write
frigga-cloud,onlinesales-ai/osSvcClient4pyV2,write
frigga-cloud,onlinesales-ai/osSvcClient4pyV2-frigga,admin
frigga-cloud,onlinesales-ai/osTiktokAdsClient,write
frigga-cloud,onlinesales-ai/plaAdServer,write
frigga-cloud,onlinesales-ai/plaAdServer-frigga,admin
frigga-cloud,onlinesales-ai/pmaxLauncher,write
frigga-cloud,onlinesales-ai/propertySettingsSvcV2_frigga,admin
frigga-cloud,onlinesales-ai/publisher-svc,write
frigga-cloud,onlinesales-ai/python-cloud-function-template,admin
frigga-cloud,onlinesales-ai/reportService,write
frigga-cloud,onlinesales-ai/reposilite-k8s,admin
frigga-cloud,onlinesales-ai/restAccessor,admin
frigga-cloud,onlinesales-ai/restAccessor4py3,write
frigga-cloud,onlinesales-ai/restCommunicator,admin
frigga-cloud,onlinesales-ai/restObjects,admin
frigga-cloud,onlinesales-ai/reusable-workflows,admin
frigga-cloud,onlinesales-ai/reviewService,write
frigga-cloud,onlinesales-ai/revXAdServerNodeV2,write
frigga-cloud,onlinesales-ai/revXAdServerNodeV2-frigga,admin
frigga-cloud,onlinesales-ai/revxScripts,write
frigga-cloud,onlinesales-ai/rmhcReporting,write
frigga-cloud,onlinesales-ai/rmhcTracking,write
frigga-cloud,onlinesales-ai/scheduler-shared-dbaccess,admin
frigga-cloud,onlinesales-ai/schedulerLib4j,admin
frigga-cloud,onlinesales-ai/schedulerService,admin
frigga-cloud,onlinesales-ai/schedulerSvcObjects,admin
frigga-cloud,onlinesales-ai/sokratiCache,admin
frigga-cloud,onlinesales-ai/statsLogger,admin
frigga-cloud,onlinesales-ai/statsLoggingClient,admin
frigga-cloud,onlinesales-ai/temporalWorkflowTriggerConsumer,write
frigga-cloud,onlinesales-ai/third_party,admin
frigga-cloud,onlinesales-ai/trackm,write
frigga-cloud,onlinesales-ai/trackm-terraform,admin
frigga-cloud,onlinesales-ai/UUIDGenerator,admin
frigga-cloud,onlinesales-ai/vendorUploader,write
frigga-cloud,onlinesales-ai/workload-identity-automation,admin
hyperlocal,onlinesales-ai/aresJobGen,read
hyperlocal,onlinesales-ai/craftService,read
hyperlocal,onlinesales-ai/hyperlocalCampaignConfidenceScorePopulator,read
hyperlocal,onlinesales-ai/hyperlocalForecastingModelTrainingFlow,read
hyperlocal,onlinesales-ai/labs,read
hyperlocal,onlinesales-ai/lmsCrmSyncApp,admin
hyperlocal,onlinesales-ai/pmaxLauncher,read
hyperlocal,onlinesales-ai/portfolioBidStrategyUpdater,admin
hyperlocal,onlinesales-ai/suchiService,read
hyperlocal,onlinesales-ai/vendorUploader,read
hyperlocal-admin,onlinesales-ai/aresJobGen,admin
hyperlocal-admin,onlinesales-ai/craftService,read
hyperlocal-admin,onlinesales-ai/hyperlocalCampaignConfidenceScorePopulator,read
hyperlocal-admin,onlinesales-ai/hyperlocalForecastingModelTrainingFlow,read
hyperlocal-admin,onlinesales-ai/labs,admin
hyperlocal-admin,onlinesales-ai/lmsCrmSyncApp,admin
hyperlocal-admin,onlinesales-ai/localium-catalog-svc,admin
hyperlocal-admin,onlinesales-ai/onboardingScripts,admin
hyperlocal-admin,onlinesales-ai/pmaxLauncher,admin
hyperlocal-admin,onlinesales-ai/portfolioBidStrategyUpdater,admin
hyperlocal-admin,onlinesales-ai/suchiService,admin
hyperlocal-admin,onlinesales-ai/vendorUploader,read
hyperlocal-performance,onlinesales-ai/aresJobGen,read
hyperlocal-performance,onlinesales-ai/localium-DA-workspace,write
hyperlocal-performance-da,onlinesales-ai/aresJobGen,read
hyperlocal-performance-da,onlinesales-ai/localium-DA-Meta-workspace,write
hyperlocal-performance-da,onlinesales-ai/localium-DA-workspace,write
hyperlocal-write,onlinesales-ai/aresJobGen,write
hyperlocal-write,onlinesales-ai/butlerService,write
hyperlocal-write,onlinesales-ai/craftService,read
hyperlocal-write,onlinesales-ai/flairminds,write
hyperlocal-write,onlinesales-ai/hyperlocalCampaignConfidenceScorePopulator,write
hyperlocal-write,onlinesales-ai/hyperlocalForecastingModelTrainingFlow,write
hyperlocal-write,onlinesales-ai/kamService,write
hyperlocal-write,onlinesales-ai/labs,write
hyperlocal-write,onlinesales-ai/lmsCrmSyncApp,admin
hyperlocal-write,onlinesales-ai/lmsNodeEventManagerConsumer,write
hyperlocal-write,onlinesales-ai/localium-catalog-svc,write
hyperlocal-write,onlinesales-ai/onboardingScripts,write
hyperlocal-write,onlinesales-ai/pmaxLauncher,write
hyperlocal-write,onlinesales-ai/portfolioBidStrategyUpdater,admin
hyperlocal-write,onlinesales-ai/suchiService,write
hyperlocal-write,onlinesales-ai/vendorUploader,write
infra,onlinesales-ai/auth0Automation,read
infra,onlinesales-ai/engageService,read
infra,onlinesales-ai/gitops,read
infra,onlinesales-ai/hadesV2,read
infra,onlinesales-ai/osmos-keyword-curator-app,admin
infra-admin,onlinesales-ai/ArgoCD-Prod,admin
infra-admin,onlinesales-ai/ArgoCD-Stage,admin
infra-admin,onlinesales-ai/asyncJobsService,admin
infra-admin,onlinesales-ai/athenaJobsV4BQ,admin
infra-admin,onlinesales-ai/auth0Automation,read
infra-admin,onlinesales-ai/brandAdServerV2,admin
infra-admin,onlinesales-ai/brandAdsUIService,admin
infra-admin,onlinesales-ai/butlerService,admin
infra-admin,onlinesales-ai/craftService,admin
infra-admin,onlinesales-ai/engageService,admin
infra-admin,onlinesales-ai/frigga-testing-daemon,maintain
infra-admin,onlinesales-ai/gcp-alerts-terraform,admin
infra-admin,onlinesales-ai/gcp-infra,admin
infra-admin,onlinesales-ai/gitops,admin
infra-admin,onlinesales-ai/hadesV2,read
infra-admin,onlinesales-ai/instore-cms-client,admin
infra-admin,onlinesales-ai/instoreSchedulingConsumer,admin
infra-admin,onlinesales-ai/instoreScripts,admin
infra-admin,onlinesales-ai/instoreService,admin
infra-admin,onlinesales-ai/java-shared-lib-template,maintain
infra-admin,onlinesales-ai/lmsNodeEventManagerConsumer,admin
infra-admin,onlinesales-ai/logger_frigga,admin
infra-admin,onlinesales-ai/multiVerseService,admin
infra-admin,onlinesales-ai/onboardingScripts,admin
infra-admin,onlinesales-ai/os-adserver-util,admin
infra-admin,onlinesales-ai/OS-Debezium,admin
infra-admin,onlinesales-ai/os-terraform,admin
infra-admin,onlinesales-ai/osAdServerConfigs,admin
infra-admin,onlinesales-ai/osmos-advertiser-suggestion-generator,admin
infra-admin,onlinesales-ai/osmos-icu-tokenizer,admin
infra-admin,onlinesales-ai/osmos-keyword-curator-app,admin
infra-admin,onlinesales-ai/osSvcClient4pyV2,admin
infra-admin,onlinesales-ai/plaAdServer,admin
infra-admin,onlinesales-ai/pmaxLauncher,admin
infra-admin,onlinesales-ai/propertySettingsSvcV2_frigga,admin
infra-admin,onlinesales-ai/publisher-svc,admin
infra-admin,onlinesales-ai/reusable-workflows,admin
infra-admin,onlinesales-ai/reviewService,admin
infra-admin,onlinesales-ai/revXAdServerNodeV2,admin
infra-admin,onlinesales-ai/rmhcReporting,admin
infra-admin,onlinesales-ai/rmhcTracking,admin
infra-write,onlinesales-ai/adServer-frigga,maintain
infra-write,onlinesales-ai/auth0Automation,read
infra-write,onlinesales-ai/engageService,read
infra-write,onlinesales-ai/gitops,write
infra-write,onlinesales-ai/hadesV2,read
infra-write,onlinesales-ai/instoreRedisLoader,write
infra-write,onlinesales-ai/osmos-keyword-curator-app,admin
infra-write,onlinesales-ai/osPackageLauncher,maintain
infra-write,onlinesales-ai/publisher-svc,write
instore,onlinesales-ai/in-store-screen-registration-API,write
instore,onlinesales-ai/instore-cms-client,read
instore,onlinesales-ai/instoreAdServer,read
instore,onlinesales-ai/instoreCampaignBookingProcessor,read
instore,onlinesales-ai/instoreCMSSync,read
instore,onlinesales-ai/instoreConsumer,read
instore,onlinesales-ai/InstoreDigitalScreenStatusSync,read
instore,onlinesales-ai/instoreRedisLoader,read
instore,onlinesales-ai/instoreSchedulingConsumer,read
instore,onlinesales-ai/instoreScripts,read
instore,onlinesales-ai/instoreService,read
instore,onlinesales-ai/instoreTranscoder,read
instore,onlinesales-ai/kuberService,read
instore,onlinesales-ai/multiVerseService,read
instore-admin,onlinesales-ai/in-store-screen-registration-API,write
instore-admin,onlinesales-ai/instore-cms-client,admin
instore-admin,onlinesales-ai/instoreAdServer,admin
instore-admin,onlinesales-ai/instoreAlerting,admin
instore-admin,onlinesales-ai/instoreCampaignBookingProcessor,admin
instore-admin,onlinesales-ai/instoreCMSSync,admin
instore-admin,onlinesales-ai/instoreConsumer,admin
instore-admin,onlinesales-ai/InstoreDigitalScreenStatusSync,admin
instore-admin,onlinesales-ai/instoreRedisLoader,admin
instore-admin,onlinesales-ai/instoreSchedulingConsumer,admin
instore-admin,onlinesales-ai/instoreScripts,admin
instore-admin,onlinesales-ai/instoreService,admin
instore-admin,onlinesales-ai/instoreTranscoder,admin
instore-admin,onlinesales-ai/kuberService,read
instore-admin,onlinesales-ai/multiVerseService,read
instore-admin,onlinesales-ai/onboardingScripts,admin
instore-write,onlinesales-ai/in-store-screen-registration-API,write
instore-write,onlinesales-ai/instore-cms-client,write
instore-write,onlinesales-ai/instoreAdServer,write
instore-write,onlinesales-ai/instoreAlerting,write
instore-write,onlinesales-ai/instoreCampaignBookingProcessor,write
instore-write,onlinesales-ai/instoreCMSSync,write
instore-write,onlinesales-ai/instoreConsumer,write
instore-write,onlinesales-ai/InstoreDigitalScreenStatusSync,write
instore-write,onlinesales-ai/instoreRedisLoader,write
instore-write,onlinesales-ai/instoreSchedulingConsumer,write
instore-write,onlinesales-ai/instoreScripts,write
instore-write,onlinesales-ai/instoreService,write
instore-write,onlinesales-ai/instoreTranscoder,write
instore-write,onlinesales-ai/kamService,write
instore-write,onlinesales-ai/kuberService,read
instore-write,onlinesales-ai/multiVerseService,read
instore-write,onlinesales-ai/navigatorService,write
instore-write,onlinesales-ai/os-bullmq-client,write
instore-write,onlinesales-ai/os-pyutils,write
instore-write,onlinesales-ai/osmos-claude-plugins,write
osmos-client-delight,onlinesales-ai/adrequest-debugger,write
osmos-client-delight,onlinesales-ai/adserver-deployment-monitoring,read
osmos-client-delight,onlinesales-ai/android-os-sdk,read
osmos-client-delight,onlinesales-ai/aresJobGen,read
osmos-client-delight,onlinesales-ai/auditService,read
osmos-client-delight,onlinesales-ai/brandAdServerV2,read
osmos-client-delight,onlinesales-ai/brandAdsUIService,read
osmos-client-delight,onlinesales-ai/butlerService,read
osmos-client-delight,onlinesales-ai/demo-mobile-apps,read
osmos-client-delight,onlinesales-ai/fileBasedAudienceSync,read
osmos-client-delight,onlinesales-ai/financeService,read
osmos-client-delight,onlinesales-ai/financeServiceConsumer_deprecated,read
osmos-client-delight,onlinesales-ai/flutter-os-sdk,read
osmos-client-delight,onlinesales-ai/flutter-osmos-sdk-source,read
osmos-client-delight,onlinesales-ai/iab-url-verification,read
osmos-client-delight,onlinesales-ai/ios-os-sdk,read
osmos-client-delight,onlinesales-ai/kamService,read
osmos-client-delight,onlinesales-ai/keywordTargetingService-api-qa,write
osmos-client-delight,onlinesales-ai/kuberService,read
osmos-client-delight,onlinesales-ai/marketingService,read
osmos-client-delight,onlinesales-ai/mediaPythonScripts,read
osmos-client-delight,onlinesales-ai/mediaRubyScripts,read
osmos-client-delight,onlinesales-ai/navigatorService,read
osmos-client-delight,onlinesales-ai/offerService,read
osmos-client-delight,onlinesales-ai/onboardingScripts,write
osmos-client-delight,onlinesales-ai/osAdsAudienceRedisPusherApp,read
osmos-client-delight,onlinesales-ai/osAdsTargetingProcessorApp,read
osmos-client-delight,onlinesales-ai/osAudienceUpdator,read
osmos-client-delight,onlinesales-ai/osFileStreamProcessorApp,read
osmos-client-delight,onlinesales-ai/osmos-api-qa,write
osmos-client-delight,onlinesales-ai/osmos-display-adserver-api-qa,maintain
osmos-client-delight,onlinesales-ai/osmos-flutter-sdk,read
osmos-client-delight,onlinesales-ai/osmos-web-sdk,read
osmos-client-delight,onlinesales-ai/osPackageLauncher,read
osmos-client-delight,onlinesales-ai/osPackageSvc,maintain
osmos-client-delight,onlinesales-ai/osSolrLoaderApp,read
osmos-client-delight,onlinesales-ai/plaAdServer,read
osmos-client-delight,onlinesales-ai/placement-automation,read
osmos-client-delight,onlinesales-ai/pmaxLauncher,read
osmos-client-delight,onlinesales-ai/reportService,read
osmos-client-delight,onlinesales-ai/revXAdServerNodeV2,read
osmos-client-delight,onlinesales-ai/trackm,read
osmos-client-delight,onlinesales-ai/workflowEngine,maintain
osmos-client-delight-admin,onlinesales-ai/adrequest-debugger,write
osmos-client-delight-admin,onlinesales-ai/adserver-deployment-monitoring,read
osmos-client-delight-admin,onlinesales-ai/AdServerESOConfiguration,admin
osmos-client-delight-admin,onlinesales-ai/android-os-sdk,admin
osmos-client-delight-admin,onlinesales-ai/aresJobGen,admin
osmos-client-delight-admin,onlinesales-ai/ArgoCD-Stage,admin
osmos-client-delight-admin,onlinesales-ai/auditService,read
osmos-client-delight-admin,onlinesales-ai/brandAdServerV2,admin
osmos-client-delight-admin,onlinesales-ai/brandAdsUIService,admin
osmos-client-delight-admin,onlinesales-ai/butlerService,read
osmos-client-delight-admin,onlinesales-ai/catalogSyncService,admin
osmos-client-delight-admin,onlinesales-ai/demo-mobile-apps,admin
osmos-client-delight-admin,onlinesales-ai/fileBasedAudienceSync,admin
osmos-client-delight-admin,onlinesales-ai/financeService,admin
osmos-client-delight-admin,onlinesales-ai/financeServiceConsumer_deprecated,admin
osmos-client-delight-admin,onlinesales-ai/flutter-ecommerce-demo-app,admin
osmos-client-delight-admin,onlinesales-ai/flutter-os-sdk,admin
osmos-client-delight-admin,onlinesales-ai/flutter-osmos-sdk-source,admin
osmos-client-delight-admin,onlinesales-ai/iab-url-verification,admin
osmos-client-delight-admin,onlinesales-ai/ios-os-sdk,admin
osmos-client-delight-admin,onlinesales-ai/kamService,read
osmos-client-delight-admin,onlinesales-ai/keywordTargetingService-api-qa,admin
osmos-client-delight-admin,onlinesales-ai/kuberService,admin
osmos-client-delight-admin,onlinesales-ai/marketingService,admin
osmos-client-delight-admin,onlinesales-ai/mediaPythonScripts,read
osmos-client-delight-admin,onlinesales-ai/mediaRubyScripts,read
osmos-client-delight-admin,onlinesales-ai/navigatorService,read
osmos-client-delight-admin,onlinesales-ai/offerService,admin
osmos-client-delight-admin,onlinesales-ai/onboardingScripts,admin
osmos-client-delight-admin,onlinesales-ai/os-common-middlewares,admin
osmos-client-delight-admin,onlinesales-ai/os-gcp-client,admin
osmos-client-delight-admin,onlinesales-ai/os-moloco-client,admin
osmos-client-delight-admin,onlinesales-ai/os-pyutils,admin
osmos-client-delight-admin,onlinesales-ai/os-svc-client,admin
osmos-client-delight-admin,onlinesales-ai/osAdsAudienceRedisPusherApp,admin
osmos-client-delight-admin,onlinesales-ai/osAdsTargetingProcessorApp,admin
osmos-client-delight-admin,onlinesales-ai/osAudienceUpdator,admin
osmos-client-delight-admin,onlinesales-ai/osFileStreamProcessorApp,admin
osmos-client-delight-admin,onlinesales-ai/osmos-api-qa,admin
osmos-client-delight-admin,onlinesales-ai/osmos-display-adserver-api-qa,admin
osmos-client-delight-admin,onlinesales-ai/osmos-flutter-sdk,admin
osmos-client-delight-admin,onlinesales-ai/osmos-web-sdk,admin
osmos-client-delight-admin,onlinesales-ai/osPackageLauncher,admin
osmos-client-delight-admin,onlinesales-ai/osPackageSvc,admin
osmos-client-delight-admin,onlinesales-ai/osSolrLoaderApp,admin
osmos-client-delight-admin,onlinesales-ai/osSvcClient4pyV2,admin
osmos-client-delight-admin,onlinesales-ai/plaAdServer,admin
osmos-client-delight-admin,onlinesales-ai/placement-automation,read
osmos-client-delight-admin,onlinesales-ai/pmaxLauncher,read
osmos-client-delight-admin,onlinesales-ai/reportService,admin
osmos-client-delight-admin,onlinesales-ai/reviewService,admin
osmos-client-delight-admin,onlinesales-ai/revXAdServerNodeV2,admin
osmos-client-delight-admin,onlinesales-ai/storeFeedSync,admin
osmos-client-delight-admin,onlinesales-ai/trackm,admin
osmos-client-delight-admin,onlinesales-ai/workflowEngine,maintain
osmos-client-delight-write,onlinesales-ai/adrequest-debugger,write
osmos-client-delight-write,onlinesales-ai/adserver-deployment-monitoring,read
osmos-client-delight-write,onlinesales-ai/android-os-sdk,write
osmos-client-delight-write,onlinesales-ai/android-osmos-sdk-source,maintain
osmos-client-delight-write,onlinesales-ai/aresJobGen,write
osmos-client-delight-write,onlinesales-ai/ArgoCD-Prod,read
osmos-client-delight-write,onlinesales-ai/auditService,read
osmos-client-delight-write,onlinesales-ai/brandAdServerV2,write
osmos-client-delight-write,onlinesales-ai/brandAdsUIService,write
osmos-client-delight-write,onlinesales-ai/butlerService,read
osmos-client-delight-write,onlinesales-ai/campaignUserActionConsumer,maintain
osmos-client-delight-write,onlinesales-ai/catalogSyncService,maintain
osmos-client-delight-write,onlinesales-ai/creativeUploadService,write
osmos-client-delight-write,onlinesales-ai/demo-mobile-apps,write
osmos-client-delight-write,onlinesales-ai/fileBasedAudienceSync,write
osmos-client-delight-write,onlinesales-ai/financeService,write
osmos-client-delight-write,onlinesales-ai/financeServiceConsumer_deprecated,write
osmos-client-delight-write,onlinesales-ai/flutter-os-sdk,write
osmos-client-delight-write,onlinesales-ai/flutter-osmos-sdk-source,write
osmos-client-delight-write,onlinesales-ai/iab-url-verification,write
osmos-client-delight-write,onlinesales-ai/ios-os-sdk,write
osmos-client-delight-write,onlinesales-ai/ios-osmos-sdk-source,maintain
osmos-client-delight-write,onlinesales-ai/kamService,write
osmos-client-delight-write,onlinesales-ai/keywordTargetingService-api-qa,write
osmos-client-delight-write,onlinesales-ai/kuberService,write
osmos-client-delight-write,onlinesales-ai/localium-catalog-svc,write
osmos-client-delight-write,onlinesales-ai/marketingService,write
osmos-client-delight-write,onlinesales-ai/mediaPythonScripts,write
osmos-client-delight-write,onlinesales-ai/mediaRubyScripts,write
osmos-client-delight-write,onlinesales-ai/navigatorService,write
osmos-client-delight-write,onlinesales-ai/offerService,write
osmos-client-delight-write,onlinesales-ai/onboardingScripts,write
osmos-client-delight-write,onlinesales-ai/os-common-middlewares,write
osmos-client-delight-write,onlinesales-ai/os-gcp-client,write
osmos-client-delight-write,onlinesales-ai/os-svc-client,write
osmos-client-delight-write,onlinesales-ai/osAdsAudienceRedisPusherApp,write
osmos-client-delight-write,onlinesales-ai/osAdsTargetingProcessorApp,write
osmos-client-delight-write,onlinesales-ai/osAudienceUpdator,maintain
osmos-client-delight-write,onlinesales-ai/osFileStreamProcessorApp,write
osmos-client-delight-write,onlinesales-ai/osmos-api-qa,write
osmos-client-delight-write,onlinesales-ai/osmos-display-adserver-api-qa,maintain
osmos-client-delight-write,onlinesales-ai/osmos-flutter-sdk,write
osmos-client-delight-write,onlinesales-ai/osmos-icu-tokenizer,maintain
osmos-client-delight-write,onlinesales-ai/osmos-web-sdk,write
osmos-client-delight-write,onlinesales-ai/osPackageLauncher,maintain
osmos-client-delight-write,onlinesales-ai/osPackageSvc,maintain
osmos-client-delight-write,onlinesales-ai/osSolrLoaderApp,write
osmos-client-delight-write,onlinesales-ai/osSvcClient4pyV2,write
osmos-client-delight-write,onlinesales-ai/plaAdServer,write
osmos-client-delight-write,onlinesales-ai/placement-automation,write
osmos-client-delight-write,onlinesales-ai/pmaxLauncher,read
osmos-client-delight-write,onlinesales-ai/publisher-svc,write
osmos-client-delight-write,onlinesales-ai/reportService,write
osmos-client-delight-write,onlinesales-ai/reviewService,write
osmos-client-delight-write,onlinesales-ai/revXAdServerNodeV2,write
osmos-client-delight-write,onlinesales-ai/storeFeedSync,write
osmos-client-delight-write,onlinesales-ai/trackm,write
osmos-client-delight-write,onlinesales-ai/ubidEmailPusher,write
osmos-client-delight-write,onlinesales-ai/workflowEngine,maintain
osmos-data,onlinesales-ai/aresJobGen,read
osmos-data,onlinesales-ai/butlerService,read
osmos-data,onlinesales-ai/campaign_debugger_agent,write
osmos-data,onlinesales-ai/dataValidationExecutorV2,read
osmos-data,onlinesales-ai/instoreAdServer,read
osmos-data,onlinesales-ai/onboardingScripts,read
osmos-data,onlinesales-ai/revxScripts,read
osmos-data,onlinesales-ai/trackm,read
osmos-data,onlinesales-ai/trackmConfigs,read
osmos-data-admin,onlinesales-ai/aresJobGen,admin
osmos-data-admin,onlinesales-ai/butlerService,read
osmos-data-admin,onlinesales-ai/campaign_debugger_agent,write
osmos-data-admin,onlinesales-ai/dataValidationExecutorV2,admin
osmos-data-admin,onlinesales-ai/instoreAdServer,read
osmos-data-admin,onlinesales-ai/onboardingScripts,admin
osmos-data-admin,onlinesales-ai/revxScripts,admin
osmos-data-admin,onlinesales-ai/trackm,admin
osmos-data-admin,onlinesales-ai/trackmConfigs,read
osmos-data-contractual,onlinesales-ai/aresJobGen,write
osmos-data-contractual,onlinesales-ai/dataValidationExecutorV2,write
osmos-data-write,onlinesales-ai/aresJobGen,write
osmos-data-write,onlinesales-ai/butlerService,read
osmos-data-write,onlinesales-ai/campaign_debugger_agent,write
osmos-data-write,onlinesales-ai/dataValidationExecutorV2,write
osmos-data-write,onlinesales-ai/instoreAdServer,read
osmos-data-write,onlinesales-ai/kamService,write
osmos-data-write,onlinesales-ai/mediaPythonScripts,write
osmos-data-write,onlinesales-ai/navigatorService,write
osmos-data-write,onlinesales-ai/onboardingScripts,write
osmos-data-write,onlinesales-ai/osmos-claude-plugins,write
osmos-data-write,onlinesales-ai/revxScripts,write
osmos-data-write,onlinesales-ai/sofie-ai,write
osmos-data-write,onlinesales-ai/sofie-finance-agent,write
osmos-data-write,onlinesales-ai/sofie-research-agent,write
osmos-data-write,onlinesales-ai/sofie-shared,write
osmos-data-write,onlinesales-ai/trackm,write
osmos-data-write,onlinesales-ai/trackmConfigs,write
osmos-media,onlinesales-ai/ad-server-test,read
osmos-media,onlinesales-ai/adserver-deployment-monitoring,read
osmos-media,onlinesales-ai/aresJobGen,read
osmos-media,onlinesales-ai/brandAdServerV2,read
osmos-media,onlinesales-ai/campaignCloner,maintain
osmos-media,onlinesales-ai/campaign_debugger_agent,write
osmos-media,onlinesales-ai/engageService,read
osmos-media,onlinesales-ai/engageServiceConsumer,read
osmos-media,onlinesales-ai/financeService,read
osmos-media,onlinesales-ai/kuberService,read
osmos-media,onlinesales-ai/marketingService,read
osmos-media,onlinesales-ai/marketingServiceConsumer,read
osmos-media,onlinesales-ai/marketplaceBillingApplication,read
osmos-media,onlinesales-ai/mediaPythonScripts,read
osmos-media,onlinesales-ai/mediaRubyScripts,read
osmos-media,onlinesales-ai/navigatorService,read
osmos-media,onlinesales-ai/osAdsAudienceRedisPusherApp,write
osmos-media,onlinesales-ai/osAdsTargetingProcessorApp,write
osmos-media,onlinesales-ai/osAudienceUpdator,read
osmos-media,onlinesales-ai/osFileStreamProcessorApp,read
osmos-media,onlinesales-ai/osmos-api-qa,read
osmos-media,onlinesales-ai/osmos-events-api-qa,read
osmos-media,onlinesales-ai/osSolrLoaderApp,read
osmos-media,onlinesales-ai/osSvcClient4pyV2,read
osmos-media,onlinesales-ai/plaAdServer,read
osmos-media,onlinesales-ai/reportService,read
osmos-media,onlinesales-ai/revXAdServerNodeV2,read
osmos-media,onlinesales-ai/test-backend,read
osmos-media,onlinesales-ai/ubidEmailPusher,read
osmos-media-admin,onlinesales-ai/ad-server-test,admin
osmos-media-admin,onlinesales-ai/adserver-deployment-monitoring,read
osmos-media-admin,onlinesales-ai/aresJobGen,admin
osmos-media-admin,onlinesales-ai/brandAdServerV2,admin
osmos-media-admin,onlinesales-ai/campaignCloner,maintain
osmos-media-admin,onlinesales-ai/campaignUserActionConsumer,admin
osmos-media-admin,onlinesales-ai/campaign_debugger_agent,write
osmos-media-admin,onlinesales-ai/engageService,read
osmos-media-admin,onlinesales-ai/engageServiceConsumer,read
osmos-media-admin,onlinesales-ai/financeService,read
osmos-media-admin,onlinesales-ai/kuberService,read
osmos-media-admin,onlinesales-ai/marketingService,admin
osmos-media-admin,onlinesales-ai/marketingServiceConsumer,admin
osmos-media-admin,onlinesales-ai/marketplaceBillingApplication,admin
osmos-media-admin,onlinesales-ai/mediaPythonScripts,admin
osmos-media-admin,onlinesales-ai/mediaRubyScripts,admin
osmos-media-admin,onlinesales-ai/navigatorService,read
osmos-media-admin,onlinesales-ai/onboardingScripts,admin
osmos-media-admin,onlinesales-ai/osAdsAudienceRedisPusherApp,write
osmos-media-admin,onlinesales-ai/osAdsTargetingProcessorApp,write
osmos-media-admin,onlinesales-ai/osAudienceUpdator,admin
osmos-media-admin,onlinesales-ai/osFileStreamProcessorApp,admin
osmos-media-admin,onlinesales-ai/osmos-api-qa,admin
osmos-media-admin,onlinesales-ai/osmos-display-adserver-api-qa,admin
osmos-media-admin,onlinesales-ai/osmos-events-api-qa,read
osmos-media-admin,onlinesales-ai/osSolrLoaderApp,admin
osmos-media-admin,onlinesales-ai/osSvcClient4pyV2,read
osmos-media-admin,onlinesales-ai/plaAdServer,admin
osmos-media-admin,onlinesales-ai/reportService,admin
osmos-media-admin,onlinesales-ai/revXAdServerNodeV2,admin
osmos-media-admin,onlinesales-ai/test-backend,admin
osmos-media-admin,onlinesales-ai/ubidEmailPusher,admin
osmos-media-write,onlinesales-ai/ad-server-test,write
osmos-media-write,onlinesales-ai/adserver-deployment-monitoring,read
osmos-media-write,onlinesales-ai/aresJobGen,write
osmos-media-write,onlinesales-ai/beamEventProcessor,write
osmos-media-write,onlinesales-ai/brandAdServerV2,write
osmos-media-write,onlinesales-ai/campaignCloner,maintain
osmos-media-write,onlinesales-ai/campaignUserActionConsumer,write
osmos-media-write,onlinesales-ai/campaign_debugger_agent,write
osmos-media-write,onlinesales-ai/engageService,read
osmos-media-write,onlinesales-ai/engageServiceConsumer,read
osmos-media-write,onlinesales-ai/financeService,read
osmos-media-write,onlinesales-ai/kuberService,read
osmos-media-write,onlinesales-ai/marketingService,write
osmos-media-write,onlinesales-ai/marketingServiceConsumer,write
osmos-media-write,onlinesales-ai/marketplaceBillingApplication,write
osmos-media-write,onlinesales-ai/mediaPythonScripts,maintain
osmos-media-write,onlinesales-ai/mediaRubyScripts,maintain
osmos-media-write,onlinesales-ai/navigatorService,read
osmos-media-write,onlinesales-ai/onboardingScripts,write
osmos-media-write,onlinesales-ai/os-svc-client,write
osmos-media-write,onlinesales-ai/osAdsAudienceRedisPusherApp,write
osmos-media-write,onlinesales-ai/osAdsTargetingProcessorApp,write
osmos-media-write,onlinesales-ai/osAudienceUpdator,maintain
osmos-media-write,onlinesales-ai/osFileStreamProcessorApp,maintain
osmos-media-write,onlinesales-ai/osmos-api-qa,write
osmos-media-write,onlinesales-ai/osmos-display-adserver-api-qa,write
osmos-media-write,onlinesales-ai/osmos-events-api-qa,write
osmos-media-write,onlinesales-ai/osPackageSvc,write
osmos-media-write,onlinesales-ai/osSolrLoaderApp,write
osmos-media-write,onlinesales-ai/osSvcClient4pyV2,read
osmos-media-write,onlinesales-ai/plaAdServer,write
osmos-media-write,onlinesales-ai/reportService,write
osmos-media-write,onlinesales-ai/revXAdServerNodeV2,write
osmos-media-write,onlinesales-ai/storeFeedSync,write
osmos-media-write,onlinesales-ai/test-backend,write
osmos-media-write,onlinesales-ai/ubidEmailPusher,write
osmos-offsite-admin,onlinesales-ai/aresJobGen,admin
osmos-offsite-admin,onlinesales-ai/budgetEngine,admin
osmos-offsite-admin,onlinesales-ai/financeService,read
osmos-offsite-admin,onlinesales-ai/launcherSharedLib,write
osmos-offsite-admin,onlinesales-ai/onboardingScripts,admin
osmos-offsite-admin,onlinesales-ai/osAudienceUpdator,admin
osmos-offsite-admin,onlinesales-ai/osFacebookClient,admin
osmos-offsite-admin,onlinesales-ai/pmaxLauncher,admin
osmos-offsite-admin,onlinesales-ai/temporalWorkflowTriggerConsumer,admin
osmos-offsite-admin,onlinesales-ai/tiktokLauncher,admin
osmos-offsite-admin,onlinesales-ai/tiktokLauncher-temp,write
osmos-offsite-admin,onlinesales-ai/vendorUploader,admin
osmos-offsite-write,onlinesales-ai/aresJobGen,write
osmos-offsite-write,onlinesales-ai/craftService,write
osmos-offsite-write,onlinesales-ai/financeService,write
osmos-offsite-write,onlinesales-ai/launcherSharedLib,write
osmos-offsite-write,onlinesales-ai/offsiteReportProject,write
osmos-offsite-write,onlinesales-ai/osAudienceUpdator,maintain
osmos-offsite-write,onlinesales-ai/osFacebookClient,write
osmos-offsite-write,onlinesales-ai/osTemporalClient,write
osmos-offsite-write,onlinesales-ai/osTiktokAdsClient,write
osmos-offsite-write,onlinesales-ai/pmaxLauncher,write
osmos-offsite-write,onlinesales-ai/portfolioBidStrategyUpdater,maintain
osmos-offsite-write,onlinesales-ai/temporalWorkflowTriggerConsumer,write
osmos-offsite-write,onlinesales-ai/tiktokLauncher,write
osmos-offsite-write,onlinesales-ai/tiktokLauncher-temp,write
osmos-offsite-write,onlinesales-ai/vendorUploader,write
osmos-performance,onlinesales-ai/adserver-deployment-monitoring,write
osmos-performance,onlinesales-ai/aresJobGen,read
osmos-performance,onlinesales-ai/auditService,read
osmos-performance,onlinesales-ai/brandAdServerV2,read
osmos-performance,onlinesales-ai/butlerService,write
osmos-performance,onlinesales-ai/ds-opc-classification-prediction,write
osmos-performance,onlinesales-ai/ds-opc-classification-training,write
osmos-performance,onlinesales-ai/ds-search-relevancy-repo,read
osmos-performance,onlinesales-ai/ds-sku-sku-relevancy-prediction,write
osmos-performance,onlinesales-ai/ds-sku-sku-relevancy-training,write
osmos-performance,onlinesales-ai/ds-sku-sku-relevancy-v3,read
osmos-performance,onlinesales-ai/experimentalCacheScripts,maintain
osmos-performance,onlinesales-ai/financeService,read
osmos-performance,onlinesales-ai/kamService,read
osmos-performance,onlinesales-ai/mediaPythonScripts,write
osmos-performance,onlinesales-ai/onboardingScripts,write
osmos-performance,onlinesales-ai/os-pyutils,read
osmos-performance,onlinesales-ai/osFileStreamProcessorApp,read
osmos-performance,onlinesales-ai/osmos-advertiser-suggestion-generator,write
osmos-performance,onlinesales-ai/osmos-api-qa,write
osmos-performance,onlinesales-ai/osmos-display-adserver-api-qa,write
osmos-performance,onlinesales-ai/osmos-inference-svc,maintain
osmos-performance,onlinesales-ai/osmos-keyword-curator-app,write
osmos-performance,onlinesales-ai/osmos-perf-irrelevancy-identification,write
osmos-performance,onlinesales-ai/osmos-pla-auto-keyword-targeting-bid-optimizer,write
osmos-performance,onlinesales-ai/osSolrLoaderApp,read
osmos-performance,onlinesales-ai/plaAdServer,read
osmos-performance,onlinesales-ai/revXAdServerNodeV2,read
osmos-performance,onlinesales-ai/sofie-keyword-suggestions-shared-util,write
osmos-performance-admin,onlinesales-ai/adserver-deployment-monitoring,write
osmos-performance-admin,onlinesales-ai/aresJobGen,admin
osmos-performance-admin,onlinesales-ai/auditService,read
osmos-performance-admin,onlinesales-ai/brandAdServerV2,admin
osmos-performance-admin,onlinesales-ai/butlerService,write
osmos-performance-admin,onlinesales-ai/ds-opc-classification-prediction,write
osmos-performance-admin,onlinesales-ai/ds-opc-classification-training,admin
osmos-performance-admin,onlinesales-ai/ds-search-relevancy-repo,admin
osmos-performance-admin,onlinesales-ai/ds-sku-sku-relevancy-prediction,admin
osmos-performance-admin,onlinesales-ai/ds-sku-sku-relevancy-training,admin
osmos-performance-admin,onlinesales-ai/ds-sku-sku-relevancy-v3,admin
osmos-performance-admin,onlinesales-ai/experimentalCacheScripts,maintain
osmos-performance-admin,onlinesales-ai/financeService,read
osmos-performance-admin,onlinesales-ai/kamService,admin
osmos-performance-admin,onlinesales-ai/mediaPythonScripts,write
osmos-performance-admin,onlinesales-ai/onboardingScripts,admin
osmos-performance-admin,onlinesales-ai/os-pyutils,admin
osmos-performance-admin,onlinesales-ai/osFileStreamProcessorApp,admin
osmos-performance-admin,onlinesales-ai/osmos-advertiser-suggestion-generator,admin
osmos-performance-admin,onlinesales-ai/osmos-api-qa,admin
osmos-performance-admin,onlinesales-ai/osmos-display-adserver-api-qa,admin
osmos-performance-admin,onlinesales-ai/osmos-inference-svc,admin
osmos-performance-admin,onlinesales-ai/osmos-keyword-curator-app,write
osmos-performance-admin,onlinesales-ai/osmos-perf-irrelevancy-identification,write
osmos-performance-admin,onlinesales-ai/osmos-pla-auto-keyword-targeting-bid-optimizer,write
osmos-performance-admin,onlinesales-ai/osSolrLoaderApp,admin
osmos-performance-admin,onlinesales-ai/plaAdServer,admin
osmos-performance-admin,onlinesales-ai/revXAdServerNodeV2,admin
osmos-performance-admin,onlinesales-ai/sofie-keyword-suggestions-shared-util,write
osmos-performance-write,onlinesales-ai/adserver-deployment-monitoring,write
osmos-performance-write,onlinesales-ai/aresJobGen,write
osmos-performance-write,onlinesales-ai/asyncJobsService,maintain
osmos-performance-write,onlinesales-ai/auditService,read
osmos-performance-write,onlinesales-ai/brandAdServerV2,write
osmos-performance-write,onlinesales-ai/butlerService,write
osmos-performance-write,onlinesales-ai/ds-opc-classification-prediction,write
osmos-performance-write,onlinesales-ai/ds-opc-classification-training,write
osmos-performance-write,onlinesales-ai/ds-search-relevancy-repo,write
osmos-performance-write,onlinesales-ai/ds-sku-sku-relevancy-prediction,write
osmos-performance-write,onlinesales-ai/ds-sku-sku-relevancy-training,write
osmos-performance-write,onlinesales-ai/ds-sku-sku-relevancy-v3,write
osmos-performance-write,onlinesales-ai/experimentalCacheScripts,maintain
osmos-performance-write,onlinesales-ai/financeService,read
osmos-performance-write,onlinesales-ai/kamService,write
osmos-performance-write,onlinesales-ai/mediaPythonScripts,write
osmos-performance-write,onlinesales-ai/onboardingScripts,write
osmos-performance-write,onlinesales-ai/os-pyutils,write
osmos-performance-write,onlinesales-ai/os-svc-client,write
osmos-performance-write,onlinesales-ai/osFileStreamProcessorApp,maintain
osmos-performance-write,onlinesales-ai/osmos-advertiser-suggestion-generator,write
osmos-performance-write,onlinesales-ai/osmos-api-qa,write
osmos-performance-write,onlinesales-ai/osmos-data-analysis-agent,write
osmos-performance-write,onlinesales-ai/osmos-display-adserver-api-qa,write
osmos-performance-write,onlinesales-ai/osmos-inference-svc,maintain
osmos-performance-write,onlinesales-ai/osmos-keyword-curator-app,write
osmos-performance-write,onlinesales-ai/osmos-perf-irrelevancy-identification,write
osmos-performance-write,onlinesales-ai/osmos-pla-auto-keyword-targeting-bid-optimizer,write
osmos-performance-write,onlinesales-ai/osSolrLoaderApp,write
osmos-performance-write,onlinesales-ai/osSvcClient4pyV2,write
osmos-performance-write,onlinesales-ai/plaAdServer,write
osmos-performance-write,onlinesales-ai/revXAdServerNodeV2,write
osmos-performance-write,onlinesales-ai/sofie-keyword-suggestions-shared-util,write
osmos-qa,onlinesales-ai/osmos-ui-qa,read
osmos-qa-admin,onlinesales-ai/osmos-ui-qa,admin
osmos-qa-write,onlinesales-ai/osmos-ui-qa,write
osmos-rms,onlinesales-ai/adserver-deployment-monitoring,read
osmos-rms,onlinesales-ai/aresJobGen,write
osmos-rms,onlinesales-ai/auditConsumer,read
osmos-rms,onlinesales-ai/auditService,triage
osmos-rms,onlinesales-ai/brand-ads-ui-service-api-qa,read
osmos-rms,onlinesales-ai/butlerService,read
osmos-rms,onlinesales-ai/catalogSyncService,write
osmos-rms,onlinesales-ai/cis-ui,read
osmos-rms,onlinesales-ai/documentation,read
osmos-rms,onlinesales-ai/engageService,read
osmos-rms,onlinesales-ai/engageService-api-qa,read
osmos-rms,onlinesales-ai/engageServiceConsumer,read
osmos-rms,onlinesales-ai/financeService,read
osmos-rms,onlinesales-ai/financeServiceConsumer_deprecated,read
osmos-rms,onlinesales-ai/instoreService,read
osmos-rms,onlinesales-ai/kam-service-api-qa,read
osmos-rms,onlinesales-ai/kamService,read
osmos-rms,onlinesales-ai/kuberService,read
osmos-rms,onlinesales-ai/marketingService,read
osmos-rms,onlinesales-ai/multiVerseService,read
osmos-rms,onlinesales-ai/navigatorService,read
osmos-rms,onlinesales-ai/novuWorkflows,read
osmos-rms,onlinesales-ai/onboardingScripts,write
osmos-rms,onlinesales-ai/os-client-tracker,read
osmos-rms,onlinesales-ai/os-cms,read
osmos-rms,onlinesales-ai/OS-Debezium,read
osmos-rms,onlinesales-ai/os-pyutils,read
osmos-rms,onlinesales-ai/osAudienceUpdator,read
osmos-rms,onlinesales-ai/osFileStreamProcessorApp,read
osmos-rms,onlinesales-ai/osmos-api-qa,read
osmos-rms,onlinesales-ai/osmos-display-adserver-api-qa,read
osmos-rms,onlinesales-ai/osmos-inference-svc,read
osmos-rms,onlinesales-ai/osPackageLauncher,write
osmos-rms,onlinesales-ai/osPackageSvc,read
osmos-rms,onlinesales-ai/osSolrLoaderApp,read
osmos-rms,onlinesales-ai/reportService,read
osmos-rms,onlinesales-ai/revxScripts,read
osmos-rms,onlinesales-ai/storeFeedSync,read
osmos-rms,onlinesales-ai/uploader-ui,read
osmos-rms-admin,onlinesales-ai/adserver-deployment-monitoring,read
osmos-rms-admin,onlinesales-ai/aresJobGen,admin
osmos-rms-admin,onlinesales-ai/audit-service-api-qa,admin
osmos-rms-admin,onlinesales-ai/auditConsumer,read
osmos-rms-admin,onlinesales-ai/auditService,admin
osmos-rms-admin,onlinesales-ai/brand-ads-ui-service-api-qa,read
osmos-rms-admin,onlinesales-ai/butlerService,admin
osmos-rms-admin,onlinesales-ai/catalogSyncService,admin
osmos-rms-admin,onlinesales-ai/cis-ui,admin
osmos-rms-admin,onlinesales-ai/documentation,admin
osmos-rms-admin,onlinesales-ai/engageService,admin
osmos-rms-admin,onlinesales-ai/engageService-api-qa,admin
osmos-rms-admin,onlinesales-ai/engageServiceConsumer,admin
osmos-rms-admin,onlinesales-ai/financeService,admin
osmos-rms-admin,onlinesales-ai/financeServiceConsumer_deprecated,admin
osmos-rms-admin,onlinesales-ai/instoreService,read
osmos-rms-admin,onlinesales-ai/kam-service-api-qa,admin
osmos-rms-admin,onlinesales-ai/kamService,admin
osmos-rms-admin,onlinesales-ai/keywordTargetingService-api-qa,admin
osmos-rms-admin,onlinesales-ai/kuberService,admin
osmos-rms-admin,onlinesales-ai/marketingService,admin
osmos-rms-admin,onlinesales-ai/multiVerseService,admin
osmos-rms-admin,onlinesales-ai/navigatorService,admin
osmos-rms-admin,onlinesales-ai/novuWorkflows,admin
osmos-rms-admin,onlinesales-ai/onboardingScripts,admin
osmos-rms-admin,onlinesales-ai/os-client-tracker,admin
osmos-rms-admin,onlinesales-ai/os-cms,admin
osmos-rms-admin,onlinesales-ai/OS-Debezium,read
osmos-rms-admin,onlinesales-ai/os-pyutils,read
osmos-rms-admin,onlinesales-ai/osAudienceUpdator,admin
osmos-rms-admin,onlinesales-ai/osFileStreamProcessorApp,admin
osmos-rms-admin,onlinesales-ai/osmos-api-qa,read
osmos-rms-admin,onlinesales-ai/osmos-display-adserver-api-qa,read
osmos-rms-admin,onlinesales-ai/osmos-inference-svc,read
osmos-rms-admin,onlinesales-ai/osPackageLauncher,write
osmos-rms-admin,onlinesales-ai/osPackageSvc,admin
osmos-rms-admin,onlinesales-ai/osSolrLoaderApp,read
osmos-rms-admin,onlinesales-ai/reportService,admin
osmos-rms-admin,onlinesales-ai/retailer-service-api-qa,admin
osmos-rms-admin,onlinesales-ai/revxScripts,read
osmos-rms-admin,onlinesales-ai/storeFeedSync,admin
osmos-rms-admin,onlinesales-ai/uploader-ui,admin
osmos-rms-interns,onlinesales-ai/aresJobGen,write
osmos-rms-interns,onlinesales-ai/asyncJobsService,write
osmos-rms-interns,onlinesales-ai/auditService,write
osmos-rms-interns,onlinesales-ai/butlerService,write
osmos-rms-interns,onlinesales-ai/catalogSyncService,write
osmos-rms-interns,onlinesales-ai/engageService,write
osmos-rms-interns,onlinesales-ai/financeService,write
osmos-rms-interns,onlinesales-ai/kamService,write
osmos-rms-interns,onlinesales-ai/kuberService,read
osmos-rms-interns,onlinesales-ai/marketingService,write
osmos-rms-interns,onlinesales-ai/navigatorService,write
osmos-rms-interns,onlinesales-ai/offerService,write
osmos-rms-interns,onlinesales-ai/osPackageLauncher,write
osmos-rms-interns,onlinesales-ai/osPackageSvc,write
osmos-rms-interns,onlinesales-ai/osPackageSvcConsumer,write
osmos-rms-interns,onlinesales-ai/reportService,write
osmos-rms-ui-write,onlinesales-ai/adserver-deployment-monitoring,read
osmos-rms-ui-write,onlinesales-ai/aresJobGen,write
osmos-rms-ui-write,onlinesales-ai/auditConsumer,read
osmos-rms-ui-write,onlinesales-ai/auditService,triage
osmos-rms-ui-write,onlinesales-ai/brand-ads-ui-service-api-qa,write
osmos-rms-ui-write,onlinesales-ai/butlerService,read
osmos-rms-ui-write,onlinesales-ai/catalogSyncService,write
osmos-rms-ui-write,onlinesales-ai/cis-ui,read
osmos-rms-ui-write,onlinesales-ai/documentation,read
osmos-rms-ui-write,onlinesales-ai/engageService,read
osmos-rms-ui-write,onlinesales-ai/engageService-api-qa,read
osmos-rms-ui-write,onlinesales-ai/engageServiceConsumer,read
osmos-rms-ui-write,onlinesales-ai/financeService,read
osmos-rms-ui-write,onlinesales-ai/financeServiceConsumer_deprecated,read
osmos-rms-ui-write,onlinesales-ai/instoreService,read
osmos-rms-ui-write,onlinesales-ai/kam-service-api-qa,read
osmos-rms-ui-write,onlinesales-ai/kamService,read
osmos-rms-ui-write,onlinesales-ai/kuberService,read
osmos-rms-ui-write,onlinesales-ai/marketingService,read
osmos-rms-ui-write,onlinesales-ai/multiVerseService,write
osmos-rms-ui-write,onlinesales-ai/navigatorService,read
osmos-rms-ui-write,onlinesales-ai/novuWorkflows,read
osmos-rms-ui-write,onlinesales-ai/onboardingScripts,write
osmos-rms-ui-write,onlinesales-ai/os-client-tracker,read
osmos-rms-ui-write,onlinesales-ai/os-cms,read
osmos-rms-ui-write,onlinesales-ai/OS-Debezium,read
osmos-rms-ui-write,onlinesales-ai/os-pyutils,read
osmos-rms-ui-write,onlinesales-ai/osAudienceUpdator,read
osmos-rms-ui-write,onlinesales-ai/osFileStreamProcessorApp,read
osmos-rms-ui-write,onlinesales-ai/osmos-api-qa,read
osmos-rms-ui-write,onlinesales-ai/osmos-display-adserver-api-qa,read
osmos-rms-ui-write,onlinesales-ai/osmos-iframe-sdk,write
osmos-rms-ui-write,onlinesales-ai/osmos-inference-svc,read
osmos-rms-ui-write,onlinesales-ai/osPackageLauncher,write
osmos-rms-ui-write,onlinesales-ai/osPackageSvc,read
osmos-rms-ui-write,onlinesales-ai/osSolrLoaderApp,read
osmos-rms-ui-write,onlinesales-ai/reportService,read
osmos-rms-ui-write,onlinesales-ai/revxScripts,read
osmos-rms-ui-write,onlinesales-ai/storeFeedSync,read
osmos-rms-ui-write,onlinesales-ai/uploader-ui,read
osmos-rms-write,onlinesales-ai/adserver-deployment-monitoring,read
osmos-rms-write,onlinesales-ai/aresJobGen,write
osmos-rms-write,onlinesales-ai/asyncJobsService,write
osmos-rms-write,onlinesales-ai/audience-segment-api-qa,write
osmos-rms-write,onlinesales-ai/audit-service-api-qa,write
osmos-rms-write,onlinesales-ai/auditConsumer,write
osmos-rms-write,onlinesales-ai/auditService,write
osmos-rms-write,onlinesales-ai/brand-ads-ui-service-api-qa,read
osmos-rms-write,onlinesales-ai/butlerService,write
osmos-rms-write,onlinesales-ai/catalogSyncService,write
osmos-rms-write,onlinesales-ai/cis-ui,write
osmos-rms-write,onlinesales-ai/comment-service-api-qa,write
osmos-rms-write,onlinesales-ai/documentation,write
osmos-rms-write,onlinesales-ai/engageService,write
osmos-rms-write,onlinesales-ai/engageService-api-qa,write
osmos-rms-write,onlinesales-ai/engageServiceConsumer,write
osmos-rms-write,onlinesales-ai/financeService,write
osmos-rms-write,onlinesales-ai/financeServiceConsumer_deprecated,write
osmos-rms-write,onlinesales-ai/flairminds,write
osmos-rms-write,onlinesales-ai/instoreService,read
osmos-rms-write,onlinesales-ai/kam-service-api-qa,write
osmos-rms-write,onlinesales-ai/kamService,write
osmos-rms-write,onlinesales-ai/keywordTargetingService-api-qa,write
osmos-rms-write,onlinesales-ai/kuber-service-api-qa,write
osmos-rms-write,onlinesales-ai/kuberService,write
osmos-rms-write,onlinesales-ai/marketing-api-qa,write
osmos-rms-write,onlinesales-ai/marketingService,write
osmos-rms-write,onlinesales-ai/mediaPythonScripts,write
osmos-rms-write,onlinesales-ai/multiVerseService,write
osmos-rms-write,onlinesales-ai/navigatorService,write
osmos-rms-write,onlinesales-ai/novuWorkflows,write
osmos-rms-write,onlinesales-ai/offerService,write
osmos-rms-write,onlinesales-ai/onboarding-service-api-qa,write
osmos-rms-write,onlinesales-ai/onboardingScripts,write
osmos-rms-write,onlinesales-ai/os-bullmq,write
osmos-rms-write,onlinesales-ai/os-client-tracker,write
osmos-rms-write,onlinesales-ai/os-cms,write
osmos-rms-write,onlinesales-ai/OS-Debezium,read
osmos-rms-write,onlinesales-ai/os-pyutils,read
osmos-rms-write,onlinesales-ai/osAudienceUpdator,read
osmos-rms-write,onlinesales-ai/osFileStreamProcessorApp,maintain
osmos-rms-write,onlinesales-ai/osmos-api-qa,read
osmos-rms-write,onlinesales-ai/osmos-display-adserver-api-qa,read
osmos-rms-write,onlinesales-ai/osmos-inference-svc,read
osmos-rms-write,onlinesales-ai/osPackageLauncher,write
osmos-rms-write,onlinesales-ai/osPackageSvc,write
osmos-rms-write,onlinesales-ai/osPackageSvcConsumer,write
osmos-rms-write,onlinesales-ai/osSolrLoaderApp,read
osmos-rms-write,onlinesales-ai/reportService,write
osmos-rms-write,onlinesales-ai/retailer-service-api-qa,write
osmos-rms-write,onlinesales-ai/revxScripts,read
osmos-rms-write,onlinesales-ai/storeFeedSync,write
osmos-rms-write,onlinesales-ai/uploader-ui,write
osmos-rms-write,onlinesales-ai/user-tagging-api-qa,write
osmos-sdk,onlinesales-ai/android-os-sdk,read
osmos-sdk,onlinesales-ai/android-osmos-sdk-source,read
osmos-sdk,onlinesales-ai/demo-mobile-apps,read
osmos-sdk,onlinesales-ai/flutter-os-sdk,read
osmos-sdk,onlinesales-ai/flutter-osmos-sdk-source,read
osmos-sdk,onlinesales-ai/ios-os-sdk,read
osmos-sdk,onlinesales-ai/ios-osmos-sdk-source,read
osmos-sdk,onlinesales-ai/osmos-react-native-sdk-demo,read
osmos-sdk,onlinesales-ai/osmos-web-sdk,read
osmos-sdk,onlinesales-ai/osmos-web-sdk-playground,read
osmos-sdk,onlinesales-ai/web-osmos-sdk-source,read
osmos-sdk-admin,onlinesales-ai/android-os-sdk,admin
osmos-sdk-admin,onlinesales-ai/android-osmos-sdk-source,admin
osmos-sdk-admin,onlinesales-ai/demo-mobile-apps,admin
osmos-sdk-admin,onlinesales-ai/flutter-os-sdk,admin
osmos-sdk-admin,onlinesales-ai/flutter-osmos-sdk-source,admin
osmos-sdk-admin,onlinesales-ai/ios-os-sdk,admin
osmos-sdk-admin,onlinesales-ai/ios-osmos-sdk-source,admin
osmos-sdk-admin,onlinesales-ai/osmos-react-native-sdk-demo,admin
osmos-sdk-admin,onlinesales-ai/osmos-web-sdk,admin
osmos-sdk-admin,onlinesales-ai/osmos-web-sdk-playground,admin
osmos-sdk-admin,onlinesales-ai/web-osmos-sdk-source,admin
osmos-sdk-write,onlinesales-ai/android-os-sdk,write
osmos-sdk-write,onlinesales-ai/android-osmos-sdk-source,write
osmos-sdk-write,onlinesales-ai/demo-mobile-apps,write
osmos-sdk-write,onlinesales-ai/flutter-os-sdk,write
osmos-sdk-write,onlinesales-ai/flutter-osmos-sdk-source,write
osmos-sdk-write,onlinesales-ai/ios-os-sdk,write
osmos-sdk-write,onlinesales-ai/ios-osmos-sdk-source,write
osmos-sdk-write,onlinesales-ai/osmos-react-native-sdk-demo,write
osmos-sdk-write,onlinesales-ai/osmos-web-sdk,write
osmos-sdk-write,onlinesales-ai/osmos-web-sdk-playground,write
osmos-sdk-write,onlinesales-ai/web-osmos-sdk-source,write
osmos-ui-external-contractors,onlinesales-ai/hyperlocal-maverick-ui,read
osmos-ui-external-contractors,onlinesales-ai/hyperlocal-pulse-ui,read
osmos-ui-external-contractors,onlinesales-ai/hyperlocal-shared-ui,read
osmos-ui-external-contractors,onlinesales-ai/hyperlocal-shared-ui-v2,read
osmos-ui-external-contractors,onlinesales-ai/shared-ui,read
osmos-ui-external-contractors-write,onlinesales-ai/hyperlocal-maverick-ui,write
osmos-ui-external-contractors-write,onlinesales-ai/hyperlocal-pulse-ui,write
osmos-ui-external-contractors-write,onlinesales-ai/hyperlocal-shared-ui,write
osmos-ui-external-contractors-write,onlinesales-ai/hyperlocal-shared-ui-v2,write
osmos-ui-external-contractors-write,onlinesales-ai/shared-ui,write
osmso-offsite,onlinesales-ai/financeService,read
osmso-offsite,onlinesales-ai/launcherSharedLib,write
osmso-offsite,onlinesales-ai/osFacebookClient,read
osmso-offsite,onlinesales-ai/pmaxLauncher,read
osmso-offsite,onlinesales-ai/tiktokLauncher,read
osmso-offsite,onlinesales-ai/tiktokLauncher-temp,write
osmso-offsite,onlinesales-ai/vendorUploader,read
product-team,onlinesales-ai/osmos-claude-plugins,write
product-team,onlinesales-ai/product-scripts,write
product-team,onlinesales-ai/v0-in-store-screen-registration-v2,write
retailium,onlinesales-ai/auditService,read
retailium-admin,onlinesales-ai/auditService,read
retailium-write,onlinesales-ai/auditService,read
retailium-write,onlinesales-ai/kuberService,write
ui,onlinesales-ai/acquire-ui,read
ui,onlinesales-ai/ad-sim,read
ui,onlinesales-ai/admin-ui,read
ui,onlinesales-ai/brandads-ui,read
ui,onlinesales-ai/bulk-actions,read
ui,onlinesales-ai/captain-js,read
ui,onlinesales-ai/chrome-extension-icon-changer,read
ui,onlinesales-ai/developers-ui,read
ui,onlinesales-ai/domain-config-updator,read
ui,onlinesales-ai/hyperlocal-admin-ui,read
ui,onlinesales-ai/hyperlocal-maverick-ui,read
ui,onlinesales-ai/hyperlocal-microsite-monitor,read
ui,onlinesales-ai/hyperlocal-microsites,read
ui,onlinesales-ai/hyperlocal-microsites-strapi,read
ui,onlinesales-ai/hyperlocal-partner-ui,read
ui,onlinesales-ai/hyperlocal-pulse-ui,read
ui,onlinesales-ai/hyperlocal-shared-ui,read
ui,onlinesales-ai/hyperlocal-shared-ui-v2,read
ui,onlinesales-ai/hyperlocal-ui-qa,write
ui,onlinesales-ai/iab-url-verification,read
ui,onlinesales-ai/in-store-web-player,read
ui,onlinesales-ai/maverick-ui,read
ui,onlinesales-ai/multiVerseService,read
ui,onlinesales-ai/os-cms,read
ui,onlinesales-ai/os-ui-doc,read
ui,onlinesales-ai/osmos-lead-form,read
ui,onlinesales-ai/osmos-pulse-qa,write
ui,onlinesales-ai/osmos-react-native-sdk,read
ui,onlinesales-ai/osmos-ui-qa,write
ui,onlinesales-ai/osmos-web-sdk,read
ui,onlinesales-ai/osmos-web-sdk-playground,read
ui,onlinesales-ai/ott-ui,read
ui,onlinesales-ai/paypal-web-internal-sdk,read
ui,onlinesales-ai/paypal-web-sdk,read
ui,onlinesales-ai/placement-automation,read
ui,onlinesales-ai/rmhc,read
ui,onlinesales-ai/rmhc-ui,read
ui,onlinesales-ai/secure-api-demo,read
ui,onlinesales-ai/shared-ui,read
ui,onlinesales-ai/smm-ui,read
ui,onlinesales-ai/strapi-hyperlocal,write
ui,onlinesales-ai/strapi-osmos,write
ui,onlinesales-ai/ui-app-boilerplate,read
ui,onlinesales-ai/ui-domain-configs,read
ui,onlinesales-ai/ui-localium-domain-configs,read
ui,onlinesales-ai/ui-onboarding,read
ui,onlinesales-ai/ui-tools,read
ui-admin,onlinesales-ai/acquire-ui,admin
ui-admin,onlinesales-ai/ad-sim,admin
ui-admin,onlinesales-ai/admin-ui,admin
ui-admin,onlinesales-ai/brandads-ui,admin
ui-admin,onlinesales-ai/bulk-actions,admin
ui-admin,onlinesales-ai/captain-js,admin
ui-admin,onlinesales-ai/chrome-extension-icon-changer,admin
ui-admin,onlinesales-ai/developers-ui,admin
ui-admin,onlinesales-ai/domain-config-updator,admin
ui-admin,onlinesales-ai/hyperlocal-admin-ui,admin
ui-admin,onlinesales-ai/hyperlocal-maverick-ui,admin
ui-admin,onlinesales-ai/hyperlocal-microsite-monitor,admin
ui-admin,onlinesales-ai/hyperlocal-microsites,admin
ui-admin,onlinesales-ai/hyperlocal-microsites-strapi,admin
ui-admin,onlinesales-ai/hyperlocal-partner-ui,admin
ui-admin,onlinesales-ai/hyperlocal-pulse-ui,admin
ui-admin,onlinesales-ai/hyperlocal-shared-ui,admin
ui-admin,onlinesales-ai/hyperlocal-shared-ui-v2,admin
ui-admin,onlinesales-ai/hyperlocal-ui-qa,write
ui-admin,onlinesales-ai/iab-url-verification,admin
ui-admin,onlinesales-ai/in-store-web-player,admin
ui-admin,onlinesales-ai/maverick-ui,admin
ui-admin,onlinesales-ai/multiVerseService,admin
ui-admin,onlinesales-ai/os-cms,admin
ui-admin,onlinesales-ai/os-ui-doc,admin
ui-admin,onlinesales-ai/osmos-iframe-sdk,admin
ui-admin,onlinesales-ai/osmos-lead-form,admin
ui-admin,onlinesales-ai/osmos-pulse-qa,write
ui-admin,onlinesales-ai/osmos-react-native-sdk,admin
ui-admin,onlinesales-ai/osmos-ui-qa,admin
ui-admin,onlinesales-ai/osmos-web-sdk,admin
ui-admin,onlinesales-ai/osmos-web-sdk-playground,admin
ui-admin,onlinesales-ai/ott-ui,admin
ui-admin,onlinesales-ai/paypal-web-internal-sdk,admin
ui-admin,onlinesales-ai/paypal-web-sdk,admin
ui-admin,onlinesales-ai/placement-automation,admin
ui-admin,onlinesales-ai/rmhc,admin
ui-admin,onlinesales-ai/rmhc-ui,admin
ui-admin,onlinesales-ai/secure-api-demo,read
ui-admin,onlinesales-ai/shared-ui,admin
ui-admin,onlinesales-ai/smm-ui,maintain
ui-admin,onlinesales-ai/strapi-hyperlocal,admin
ui-admin,onlinesales-ai/strapi-osmos,admin
ui-admin,onlinesales-ai/ui-app-boilerplate,admin
ui-admin,onlinesales-ai/ui-domain-configs,admin
ui-admin,onlinesales-ai/ui-localium-domain-configs,admin
ui-admin,onlinesales-ai/ui-onboarding,admin
ui-admin,onlinesales-ai/ui-tools,admin
ui-team-be-members,onlinesales-ai/shared-ui,write
ui-write,onlinesales-ai/acquire-ui,write
ui-write,onlinesales-ai/ad-sim,write
ui-write,onlinesales-ai/admin-ui,write
ui-write,onlinesales-ai/brandads-ui,write
ui-write,onlinesales-ai/bulk-actions,write
ui-write,onlinesales-ai/captain-js,write
ui-write,onlinesales-ai/chrome-extension-icon-changer,write
ui-write,onlinesales-ai/developers-ui,write
ui-write,onlinesales-ai/domain-config-updator,write
ui-write,onlinesales-ai/hyperlocal-admin-ui,write
ui-write,onlinesales-ai/hyperlocal-maverick-ui,write
ui-write,onlinesales-ai/hyperlocal-microsite-monitor,write
ui-write,onlinesales-ai/hyperlocal-microsites,write
ui-write,onlinesales-ai/hyperlocal-microsites-strapi,write
ui-write,onlinesales-ai/hyperlocal-partner-ui,write
ui-write,onlinesales-ai/hyperlocal-pulse-ui,write
ui-write,onlinesales-ai/hyperlocal-shared-ui,write
ui-write,onlinesales-ai/hyperlocal-shared-ui-v2,write
ui-write,onlinesales-ai/hyperlocal-ui-qa,write
ui-write,onlinesales-ai/iab-url-verification,write
ui-write,onlinesales-ai/in-store-web-player,write
ui-write,onlinesales-ai/live-ads-plugin,write
ui-write,onlinesales-ai/maverick-ui,write
ui-write,onlinesales-ai/multiVerseService,write
ui-write,onlinesales-ai/os-cms,write
ui-write,onlinesales-ai/os-ui-doc,write
ui-write,onlinesales-ai/osmos-iframe-sdk,write
ui-write,onlinesales-ai/osmos-lead-form,write
ui-write,onlinesales-ai/osmos-pulse-qa,write
ui-write,onlinesales-ai/osmos-react-native-sdk,write
ui-write,onlinesales-ai/osmos-ui-qa,write
ui-write,onlinesales-ai/osmos-web-sdk,write
ui-write,onlinesales-ai/osmos-web-sdk-playground,write
ui-write,onlinesales-ai/ott-ui,write
ui-write,onlinesales-ai/paypal-web-internal-sdk,write
ui-write,onlinesales-ai/paypal-web-sdk,write
ui-write,onlinesales-ai/placement-automation,write
ui-write,onlinesales-ai/rmhc,write
ui-write,onlinesales-ai/rmhc-ui,write
ui-write,onlinesales-ai/secure-api-demo,read
ui-write,onlinesales-ai/shared-ui,write
ui-write,onlinesales-ai/smm-ui,write
ui-write,onlinesales-ai/sofie-ai,write
ui-write,onlinesales-ai/sofie-finance-agent,write
ui-write,onlinesales-ai/sofie-research-agent,write
ui-write,onlinesales-ai/sofie-shared,write
ui-write,onlinesales-ai/strapi-hyperlocal,write
ui-write,onlinesales-ai/strapi-osmos,write
ui-write,onlinesales-ai/ui-app-boilerplate,write
ui-write,onlinesales-ai/ui-domain-configs,read
ui-write,onlinesales-ai/ui-localium-domain-configs,read
ui-write,onlinesales-ai/ui-onboarding,write
ui-write,onlinesales-ai/ui-tools,write
